{"loss": [0.052939578890800476, 0.010635240003466606, 0.007066315971314907, 0.004261818714439869, 0.0035583991557359695, 0.0026013075839728117, 0.002053684089332819, 0.0014710068935528398, 0.001267111860215664, 0.001131637254729867, 0.0010944822570309043, 0.001096059917472303, 0.001088824588805437, 0.0010849969694390893, 0.001061362330801785, 0.0010589073644950986, 0.0010503011289983988, 0.0010527654085308313, 0.001080155954696238, 0.001041402225382626, 0.0010614740895107388, 0.0010330096120014787, 0.0010365917114540935, 0.0010390023235231638], "mape": [71.34624481201172, 41.816165924072266, 65.64774322509766, 49.29679870605469, 31.559919357299805, 30.64702606201172, 32.07188034057617, 23.079477310180664, 16.79813575744629, 15.410826683044434, 12.489072799682617, 11.829798698425293, 11.732646942138672, 11.737552642822266, 11.39574909210205, 11.126893997192383, 11.478407859802246, 11.42702579498291, 10.678327560424805, 10.948891639709473, 11.446619987487793, 10.364548683166504, 10.60438060760498, 10.855265617370605], "mse": [0.052939578890800476, 0.010635240003466606, 0.007066315971314907, 0.004261818714439869, 0.0035583991557359695, 0.0026013078168034554, 0.002053684089332819, 0.0014710068935528398, 0.001267111860215664, 0.001131637254729867, 0.0010944822570309043, 0.001096059917472303, 0.001088824588805437, 0.0010849969694390893, 0.001061362330801785, 0.0010589073644950986, 0.0010503011289983988, 0.0010527654085308313, 0.001080155954696238, 0.001041402225382626, 0.0010614740895107388, 0.0010330096120014787, 0.0010365917114540935, 0.0010390023235231638], "val_loss": [0.1907343715429306, 0.026281652972102165, 0.011553770862519741, 0.03856084495782852, 0.038625236600637436, 0.014218644239008427, 0.00983905978500843, 0.012412088923156261, 0.00691257743164897, 0.005908560007810593, 0.006131461355835199, 0.005835637915879488, 0.006085629109293222, 0.0057069906033575535, 0.00681285047903657, 0.0065299333073198795, 0.0061877090483903885, 0.006967386696487665, 0.007119370624423027, 0.006828821264207363, 0.006805390119552612, 0.007340339012444019, 0.007377459201961756, 0.007250096648931503], "val_mape": [58.63845443725586, 18.828943252563477, 11.682845115661621, 24.358518600463867, 24.581310272216797, 13.504434585571289, 11.285238265991211, 12.834795951843262, 9.548441886901855, 8.73383617401123, 8.9570951461792, 8.669447898864746, 8.910127639770508, 8.53307056427002, 9.521577835083008, 9.275715827941895, 8.977897644042969, 9.618494033813477, 9.722053527832031, 9.486676216125488, 9.46850872039795, 9.86510944366455, 9.877004623413086, 9.779674530029297], "val_mse": [0.1907343715429306, 0.026281652972102165, 0.011553770862519741, 0.03856084495782852, 0.038625240325927734, 0.014218644239008427, 0.00983905978500843, 0.012412088923156261, 0.00691257743164897, 0.005908560007810593, 0.006131461821496487, 0.005835637450218201, 0.006085629109293222, 0.005706989672034979, 0.00681285047903657, 0.0065299333073198795, 0.0061877090483903885, 0.006967386696487665, 0.007119370624423027, 0.006828821264207363, 0.006805390119552612, 0.007340339012444019, 0.007377459201961756, 0.007250096648931503]}