{"loss": [0.014352708123624325, 0.011932984925806522, 0.011854194104671478, 0.01203006412833929, 0.01201678067445755, 0.011753922328352928, 0.011263174004852772, 0.011239301413297653, 0.010916244238615036, 0.011156613007187843, 0.011072150431573391, 0.010860101319849491, 0.010738684795796871, 0.010769618675112724], "mape": [14541.0908203125, 33792.515625, 5655.154296875, 79124.015625, 55396.38671875, 64517.796875, 25264.51953125, 12391.61328125, 31174.599609375, 15614.1962890625, 24833.740234375, 35757.12109375, 1931.35400390625, 32568.9296875], "mse": [0.014352708123624325, 0.011932984925806522, 0.011854194104671478, 0.01203006412833929, 0.01201678067445755, 0.011753922328352928, 0.011263174004852772, 0.011239301413297653, 0.010916244238615036, 0.011156613007187843, 0.011072150431573391, 0.010860101319849491, 0.010738684795796871, 0.010769618675112724], "val_loss": [0.00015370233450084925, 0.0002035516663454473, 3.6756078770849854e-05, 8.999651072372217e-06, 0.0013237674720585346, 0.0002533273946028203, 4.243338116793893e-05, 3.367435056134127e-05, 2.622173269628547e-05, 0.0001167844602605328, 7.246064342325553e-05, 3.181312786182389e-05, 1.585762220202014e-05, 1.338179936283268e-05], "val_mape": [426.8752746582031, 453.5019226074219, 123.51138305664062, 71.96122741699219, 1139.51318359375, 492.311767578125, 164.5581817626953, 129.31246948242188, 121.92112731933594, 278.7226867675781, 195.58599853515625, 169.4928436279297, 50.34429931640625, 42.21381759643555], "val_mse": [0.00015370233450084925, 0.0002035516663454473, 3.6756078770849854e-05, 8.999651072372217e-06, 0.0013237674720585346, 0.0002533273946028203, 4.243338116793893e-05, 3.367435056134127e-05, 2.622173269628547e-05, 0.0001167844602605328, 7.246064342325553e-05, 3.181312786182389e-05, 1.585762220202014e-05, 1.338179936283268e-05]}