{"loss": [0.14449730515480042, 0.08382061868906021, 0.033644258975982666, 0.019627325236797333, 0.017217999324202538, 0.014971274882555008, 0.01200511958450079, 0.009259653277695179, 0.007270799018442631, 0.006187353283166885, 0.005806966684758663, 0.005878024734556675, 0.005901455879211426, 0.0059308987110853195, 0.005681782495230436, 0.005710744298994541, 0.005998563952744007, 0.005800928920507431, 0.005643928423523903, 0.005618717987090349, 0.005676151718944311, 0.005994871258735657], "mape": [80.7660903930664, 77.63593292236328, 100.94388580322266, 134.12777709960938, 132.4750213623047, 110.38707733154297, 96.66117858886719, 80.6446533203125, 64.32340240478516, 39.06385040283203, 33.15583038330078, 31.55275535583496, 29.34627914428711, 29.838253021240234, 32.334102630615234, 29.725723266601562, 33.24669647216797, 29.57541847229004, 29.623008728027344, 28.437246322631836, 29.2802791595459, 33.23658752441406], "mse": [0.14449730515480042, 0.08382061868906021, 0.033644258975982666, 0.019627325236797333, 0.017217999324202538, 0.014971274882555008, 0.01200511958450079, 0.009259653277695179, 0.007270799018442631, 0.006187353283166885, 0.005806966684758663, 0.005878024734556675, 0.005901455879211426, 0.0059308987110853195, 0.005681782495230436, 0.005710744298994541, 0.005998563952744007, 0.005800928920507431, 0.005643928423523903, 0.005618717987090349, 0.005676151718944311, 0.005994871258735657], "val_loss": [0.001543065533041954, 0.01245365384966135, 0.039250366389751434, 0.055292967706918716, 0.03823248669505119, 0.026577075943350792, 0.01827113702893257, 0.010966603644192219, 0.0034998198971152306, 0.0012968139490112662, 0.0010269669583067298, 0.0006404800806194544, 0.0007703792070969939, 0.0010528294369578362, 0.0008032454643398523, 0.000766430574003607, 0.0006776892114430666, 0.000880401988979429, 0.0006660795188508928, 0.0007700020214542747, 0.000815870298538357, 0.0006475923000834882], "val_mape": [1357392.5, 3097610.0, 4966287.0, 5735373.0, 4856269.0, 4094596.0, 3418383.25, 2650335.75, 1564869.5, 954852.25, 808399.375, 542621.3125, 673274.5625, 853501.9375, 701373.625, 676297.3125, 611806.0625, 765000.5625, 588437.0, 694369.125, 736711.3125, 591478.3125], "val_mse": [0.001543065533041954, 0.01245365384966135, 0.039250366389751434, 0.055292967706918716, 0.03823248669505119, 0.026577075943350792, 0.01827113702893257, 0.010966603644192219, 0.0034998198971152306, 0.0012968139490112662, 0.0010269669583067298, 0.0006404800806194544, 0.0007703792070969939, 0.0010528294369578362, 0.0008032454643398523, 0.000766430574003607, 0.0006776892114430666, 0.000880401988979429, 0.0006660795188508928, 0.0007700020214542747, 0.000815870298538357, 0.0006475923000834882]}